{"is_source_file": true, "format": "Python", "description": "This file generates an OpenAPI schema from the FastAPI application and saves it as a JSON file to a specified directory.", "external_files": ["src/api/main"], "external_methods": ["app.openapi()"], "published": [], "classes": [], "methods": [], "calls": ["app.openapi()", "os.makedirs()", "os.path.join()", "json.dump()", "open()"], "search-terms": ["generate_openapi", "openapi_schema", "app.openapi", "interfaces", "openapi.json", "FastAPI"], "state": 2, "file_id": 1, "knowledge_revision": 8, "git_revision": "4edc50d97b3c59a6f5ebd144ccb7d98984afbb31", "ctags": [{"_type": "tag", "name": "openapi_schema", "path": "/home/kavia/workspace/code-generation/rideconnect-199118-199140/taxi_app_backend/src/api/generate_openapi.py", "pattern": "/^openapi_schema = app.openapi()$/", "language": "Python", "kind": "variable"}, {"_type": "tag", "name": "output_dir", "path": "/home/kavia/workspace/code-generation/rideconnect-199118-199140/taxi_app_backend/src/api/generate_openapi.py", "pattern": "/^output_dir = \"interfaces\"$/", "language": "Python", "kind": "variable"}, {"_type": "tag", "name": "output_path", "path": "/home/kavia/workspace/code-generation/rideconnect-199118-199140/taxi_app_backend/src/api/generate_openapi.py", "pattern": "/^output_path = os.path.join(output_dir, \"openapi.json\")$/", "language": "Python", "kind": "variable"}], "hash": "61e3715e79bc397fab3e70f503a41417", "format-version": 4, "code-base-name": "taxi_app_backend", "filename": "taxi_app_backend/src/api/generate_openapi.py", "fields": [{"name": "openapi_schema = app.openapi()", "scope": "", "scopeKind": "", "description": "unavailable"}, {"name": "output_dir = \"interfaces\"", "scope": "", "scopeKind": "", "description": "unavailable"}, {"name": "output_path = os.path.join(output_dir, \"openapi.json\")", "scope": "", "scopeKind": "", "description": "unavailable"}], "revision_history": [{"8": "4edc50d97b3c59a6f5ebd144ccb7d98984afbb31"}]}