{"is_source_file": true, "format": "Python", "description": "This file is the main entry point for a FastAPI web application, setting up the app instance and configuring CORS middleware, as well as defining a health check endpoint.", "external_files": ["fastapi", "fastapi.middleware.cors"], "external_methods": ["FastAPI", "CORSMiddleware"], "published": ["app"], "classes": [], "methods": [{"name": "health_check()", "description": "A GET endpoint at '/' that returns a JSON indicating the service health status.", "scope": "", "scopeKind": ""}], "calls": ["FastAPI()", "app.add_middleware", "CORSMiddleware", "app.get"], "search-terms": ["FastAPI setup", "CORS configuration", "health check endpoint", "main.py"], "state": 2, "file_id": 2, "knowledge_revision": 9, "git_revision": "4edc50d97b3c59a6f5ebd144ccb7d98984afbb31", "ctags": [{"_type": "tag", "name": "app", "path": "/home/kavia/workspace/code-generation/rideconnect-199118-199140/taxi_app_backend/src/api/main.py", "pattern": "/^app = FastAPI()$/", "language": "Python", "kind": "variable"}, {"_type": "tag", "name": "health_check", "path": "/home/kavia/workspace/code-generation/rideconnect-199118-199140/taxi_app_backend/src/api/main.py", "pattern": "/^def health_check():$/", "language": "Python", "kind": "function", "signature": "()"}], "hash": "58352bf5f133908bab16643199aa483d", "format-version": 4, "code-base-name": "taxi_app_backend", "filename": "taxi_app_backend/src/api/main.py", "fields": [{"name": "app = FastAPI()", "scope": "", "scopeKind": "", "description": "unavailable"}], "revision_history": [{"9": "4edc50d97b3c59a6f5ebd144ccb7d98984afbb31"}]}